{
	"member": [],
	"function": [
		{
			"kind": "function",
			"name": "md5",
			"memberof": "md5",
			"scope": "instance"
		},
		{
			"kind": "function",
			"name": "hex_md5",
			"memberof": "md5",
			"scope": "instance",
			"description": "These are the privates you'll usually want to callThey take string arguments and return either hex or base-64 encoded strings",
			"params": [
				{
					"name": "s",
					"description": ""
				}
			]
		}
	],
	"globalMember": [],
	"globalFunction": [],
	"class": {
		"kind": "class",
		"name": "md5",
		"memberof": "",
		"filename": "framework\\utils\\md5.ts",
		"description": "A JavaScript implementation of the RSA Data Security, Inc. MD5 MessageDigest Algorithm, as defined in RFC 1321.Version 2.2 Copyright (C) Paul Johnston 1999 - 2009Other contributors: Greg Holt, Andrew Kepert, Ydnar, LostinetDistributed under the BSD LicenseSee http://pajhome.org.uk/crypt/md5 for more info."
	}
}