{
	"member": [
		{
			"kind": "member",
			"type": "number",
			"name": "ADD_LEFT_CARD",
			"memberof": "UIEventCode",
			"scope": "static",
			"default": "16"
		},
		{
			"kind": "member",
			"type": "number",
			"name": "ADD_MY_CARD",
			"memberof": "UIEventCode",
			"scope": "static",
			"default": "18"
		},
		{
			"kind": "member",
			"type": "number",
			"name": "ADD_RIGHT_CARD",
			"memberof": "UIEventCode",
			"scope": "static",
			"default": "17"
		},
		{
			"kind": "member",
			"type": "number",
			"name": "CHANGE_MULTIPLE",
			"memberof": "UIEventCode",
			"scope": "static",
			"default": "8"
		},
		{
			"kind": "member",
			"type": "number",
			"name": "DEAL_CARD",
			"memberof": "UIEventCode",
			"scope": "static",
			"default": "20"
		},
		{
			"kind": "member",
			"type": "number",
			"name": "ENTER_ROOM",
			"memberof": "UIEventCode",
			"scope": "static",
			"default": "0"
		},
		{
			"kind": "member",
			"type": "number",
			"name": "GAME_START",
			"memberof": "UIEventCode",
			"scope": "static",
			"default": "7"
		},
		{
			"kind": "member",
			"type": "number",
			"name": "GRAB_SUCCESS",
			"memberof": "UIEventCode",
			"scope": "static",
			"default": "10"
		},
		{
			"kind": "member",
			"type": "number",
			"name": "HIDE_DEAL_BUTTON",
			"memberof": "UIEventCode",
			"scope": "static",
			"default": "21"
		},
		{
			"kind": "member",
			"type": "number",
			"name": "INIT_LEFT_CARD",
			"memberof": "UIEventCode",
			"scope": "static",
			"default": "14"
		},
		{
			"kind": "member",
			"type": "number",
			"name": "INIT_MY_CARD",
			"memberof": "UIEventCode",
			"scope": "static",
			"default": "13"
		},
		{
			"kind": "member",
			"type": "number",
			"name": "INIT_RIGHT_CARD",
			"memberof": "UIEventCode",
			"scope": "static",
			"default": "15"
		},
		{
			"kind": "member",
			"type": "number",
			"name": "PLAYER_CHANGE_IDENTITY",
			"memberof": "UIEventCode",
			"scope": "static",
			"default": "11"
		},
		{
			"kind": "member",
			"type": "number",
			"name": "PLAYER_ENTER",
			"memberof": "UIEventCode",
			"scope": "static",
			"default": "3"
		},
		{
			"kind": "member",
			"type": "number",
			"name": "PLAYER_LEAVE",
			"memberof": "UIEventCode",
			"scope": "static",
			"default": "5"
		},
		{
			"kind": "member",
			"type": "number",
			"name": "PLAYER_READY",
			"memberof": "UIEventCode",
			"scope": "static",
			"default": "6"
		},
		{
			"kind": "member",
			"type": "number",
			"name": "REMOVE_LEFT_CARD",
			"memberof": "UIEventCode",
			"scope": "static",
			"default": "22"
		},
		{
			"kind": "member",
			"type": "number",
			"name": "REMOVE_MY_CARD",
			"memberof": "UIEventCode",
			"scope": "static",
			"default": "24"
		},
		{
			"kind": "member",
			"type": "number",
			"name": "REMOVE_RIGHT_CARD",
			"memberof": "UIEventCode",
			"scope": "static",
			"default": "23"
		},
		{
			"kind": "member",
			"type": "number",
			"name": "SET_LEFT_PLAYER_DATA",
			"memberof": "UIEventCode",
			"scope": "static",
			"default": "1"
		},
		{
			"kind": "member",
			"type": "number",
			"name": "SET_RIGHT_PLAYER_DATA",
			"memberof": "UIEventCode",
			"scope": "static",
			"default": "2"
		},
		{
			"kind": "member",
			"type": "number",
			"name": "SET_TABLE_CARD",
			"memberof": "UIEventCode",
			"scope": "static",
			"default": "12"
		},
		{
			"kind": "member",
			"type": "number",
			"name": "TURN_DEAL",
			"memberof": "UIEventCode",
			"scope": "static",
			"default": "19"
		},
		{
			"kind": "member",
			"type": "number",
			"name": "TURN_GRAB",
			"memberof": "UIEventCode",
			"scope": "static",
			"default": "9"
		},
		{
			"kind": "member",
			"type": "number",
			"name": "UPDATE_OVER_PANEL",
			"memberof": "UIEventCode",
			"scope": "static",
			"default": "27"
		},
		{
			"kind": "member",
			"type": "number",
			"name": "UPDATE_SHOW_DESK_CARDS",
			"memberof": "UIEventCode",
			"scope": "static",
			"default": "25"
		},
		{
			"kind": "member",
			"type": "number",
			"name": "UPDATE_SHOW_DESK_PASS",
			"memberof": "UIEventCode",
			"scope": "static",
			"default": "26"
		},
		{
			"kind": "member",
			"type": "number",
			"name": "USER_LEAVE",
			"memberof": "UIEventCode",
			"scope": "static",
			"default": "4"
		}
	],
	"function": [],
	"globalMember": [],
	"globalFunction": [],
	"class": {
		"kind": "enum",
		"name": "UIEventCode",
		"memberof": "",
		"filename": "application\\eventCode\\UIEventCode.ts"
	}
}